abecsi = Andras Becsi <abecsi@inf.u-szeged.hu>
andrasbiro = Andras Biro <bbandi86@gmail.com>
baharev_ali = Ali Baharev <ali.baharev@gmail.com>
csepzol = Zoltan Csepe <csepe.zoltan@gmail.com>
gabor112 = Gabor Nemeth <nemeth.gabor.5@stud.u-szeged.hu>
mikesz86 = Miklos Toth <tothmiklos86@gmail.com>
mmaroti = Miklos Maroti <mmaroti@gmail.com>
nyilasster = Sandor Nyilas <nyilasster@gmail.com>
piitaj = Peter Ruzicska <piitaj@gmail.com>
szabomeister = Zsolt Szabo <szabomeister@gmail.com>
tbarat = Tibor Barat <barat.tibor@stud.u-szeged.hu>
verkri = Krisztian Veress <veresskrisztian@gmail.com>
zkincses = Zoltan Kincses <kincseszoltan@hotmail.com>
klorti77 = Kornel Kalma <Kalman.Kornel.David@stud.u-szeged.hu>
(no author) = Unknown <unknown@nowhere.com>
uid357945 = Unknown <unknown@nowhere.com>
a_cunha = Andre Cunha <andreribeirocunha@gmail.com>
alinan@zolertia.com = Antonio Lignan <alinan@zolertia.com>
andreaskoepke = Andreas Koepke <andreaskoepke@users.sourceforge.net>
ayer1 = Steve Ayer <ayer1@users.sourceforge.net>
ayer@handhelds.org = Steve Ayer <ayer@handhelds.org>
bengreenstein = Ben Greenstein <bengreenstein@users.sourceforge.net>
beutel = Jan Beutel <beutel@users.sourceforge.net>
branislav.kusy = Branislav Kusy <kusy@users.sourceforge.net>
carlsondc = Doug Carlson <carlsondc@users.sourceforge.net>
cssharp = Cory Sharp <cssharp@users.sourceforge.net>
devdj = Marco Langerwisch <devdj@users.sourceforge.net>
fredjiang = Fred Jiang <fredjiang@users.sourceforge.net>
gnawali = Omprakash Gnawali <gnawali@users.sourceforge.net>
gtolle = Gilman Tolle <gtolle@users.sourceforge.net>
henrik.makitaavola@gmail.com = Henrik Makitaavola <henrik.makitaavola@gmail.com>
hiro = Chad Metcalf <hiro@users.sourceforge.net>
idgay = David Gay <idgay@users.sourceforge.net>
jan.hauer = Jan-Hinrich Hauer <janhauer@users.sourceforge.net>
janhauer = Jan-Hinrich Hauer <janhauer@users.sourceforge.net>
jeonggil.ko = JeongGil Ko <jgko@users.sourceforge.net>
jeonggil.ko@gmail.com = JeongGil Ko <jeonggil.ko@gmail.com>
jgko = JeongGil Ko <jgko@users.sourceforge.net>
jwhui = Jonathan Hui <jwhui@users.sourceforge.net>
kaisenl = Kaisen Lin <kaisenl@users.sourceforge.net>
klueska = Kevin Klues <klueska@users.sourceforge.net>
konradlorincz = Konrad Lorincz <konradlorincz@users.sourceforge.net>
kristinwright = Kristin Wright <kristinwright@users.sourceforge.net>
kusy = Branislav Kusy <kusy@users.sourceforge.net>
laurynas.riliskis@gmail.com = Laurynas Riliskis <laurynas.riliskis@gmail.com>
liang_mike = Chieh-Jan Liang <cliang4@cs.jhu.edu>
liang.mike = Chieh-Jan Liang <cliang4@cs.jhu.edu>
markushx@gmail.com = Markus Becker <markushx@gmail.com>
maxmul = Maxime Muller <maxmul@users.sourceforge.net>
mharvan = Matus Harvan <mharvan@users.sourceforge.net>
mleopold = Martin Leopold <mleopold@users.sourceforge.net>
mmaroti = Miklos Maroti <mmaroti@users.sourceforge.net>
mmaroti@gmail.com = Miklos Maroti <mmaroti@gmail.com>
pabigot = Peter A. Bigot <pabigot@users.sourceforge.net>
phihup = Philipp Huppertz <phihup@users.sourceforge.net>
philip.levis = Philip Levis <scipio@users.sourceforge.net>
philip.levis@gmail.com = Philip Levis <philip.levis@gmail.com>
pipeng = Pi Peng <pipeng@users.sourceforge.net>
prabal = Prabal Dutta <prabal@users.sourceforge.net>
rarseverino = Ricardo Severino <rarseverino@users.sourceforge.net>
razvanm = Razvan Musaloiu <razvanm@users.sourceforge.net>
regehr = John Regehr <regehr@users.sourceforge.net>
rflury = Roland Flury <rflury@users.sourceforge.net>
rfonseca76 = Rodrigo Fonseca <rfonseca76@users.sourceforge.net>
rincon = David Moss <rincon@users.sourceforge.net>
r-studio = Laurynas Riliskis <r-studio@users.sourceforge.net>
sallai = Janos Sallai <sallai@users.sourceforge.net>
sallai.janos = Janos Sallai <sallai@users.sourceforge.net>
sallai.janos@gmail.com = Janos Sallai <sallai@users.sourceforge.net>
scipio = Philip Levis <scipio@users.sourceforge.net>
sdhags = Stephen Dawson-Haggerty <stevedh@eecs.berkeley.edu>
sdhags@gmail.com = Stephen Dawson-Haggerty <sdhags@gmail.com>
sdhsdh = Stephen Dawson-Haggerty <sdhsdh@users.sourceforge.net>
selfreference = Self Reference <selfreference@users.sourceforge.net>
strabest = Romain Thouvenin <strabest@users.sourceforge.net>
sunheeyoon = SunHee Yoon <sunheeyoon@users.sourceforge.net>
thomas.schmid = Thomas Schmid <thsr@users.sourceforge.net>
thomas.schmid@gmail.com = Thomas Schmid <thomas.schmid@gmail.com>
tennina.stefano@gmail.com = Stefano Tennia <tennina.stefano@gmail.com>
urs.hunkeler = Urs Hunkeler <urs.hunkeler@epfl.ch>
vlado.handziski@gmail.com = Vlado Handziski <vlado.handziski@gmail.com>
vlahan = Vlado Handziski <vlahan@users.sourceforge.net>
xuanthanh18 = Thanh Dang <xuanthanh18@users.sourceforge.net>
xuanthanh18@gmail.com = Thanh Dang <xuanthanh18@gmail.com>
(no author) = No Author <unknown@nowhere.com>
ion- = No Author <unknown@nowhere.com>
mturon = Martin Turon <mturon@users.sourceforge.net>
jpolastre = Joe Polastre <jpolastre@users.sourceforge.net>
hohltb = Barbara Hohlt <hohltb@users.sourceforge.net>
husq = Hu Siquan <husq@users.sourceforge.net>
philipb = Philip Buonadonna <philipb@users.sourceforge.net>
henridf	= Henri Dubois-Ferriere <henridf@users.sourceforge.net>
kasj78 = Kyle Jamieson <kasj78@users.sourceforge.net>
alecwoo = Alec Woo <alecwoo@users.sourceforge.net>
